tag_name,period,recommendation_group,recommendationid,helpful_votes,matched_terms,review_text
Offensive_Pressure,PRE,Recommended,191488513,0,50/50,"Unprecedented gameplay, other fighting games cant even come closer including the game that white and red karate guys can throw blue balls.

Game can be played at any level. If you like you can just open arcade or treasure mode and just smash, or go to the world of competition of Tekken.

Sometimes fair sometimes unfair, sometimes outplayed, sometimes outplay your opponent, beat by chance , beaten by chance, adapt opponent gameplay play with your opponent.Shows you all aspects of competitive gameplay. Game has a depthness that you can improve yourself for a lifetime.Every move has an answer, every move sometimes even every step is risk and reward. Been playing Tekken around 25 years and everyday learning new stuff.

Only criticism could be about heat engagers always puts you to 50/50 situation but this applies to your opponent as well, increasing luck for both parties, sometimes it feels unfair but sometimes you can beat players better than you as well so fair enough.

As a gamer playing since commodore 64 for me this is one of the best game ever made in gaming history."
Offensive_Pressure,PRE,Not Recommended,191027261,0,50/50s|aggressive|difficult|worst|punish|issues|forcing|problems|ignores|oppressive,"To preface: I am a complete newcomer to fighting games, all of my thoughts here are from the perspective of someone who has no frame of reference from previous Tekken games. The most I did before buying this game was watch some Youtube guides to understand the game's basic mechanics and if it looked like something I'd like to play.

Choosing between a positive or negative review was a difficult choice, I greatly enjoyed the core gameplay but there were many annoying things in the game that compounded into me ultimately going with a negative review. At one point I even uninstalled the game, only to reinstall it later just to get another fix (Which was excruciating since it's a 100+ GB game). Here are my thoughts on the game's various pieces in no particular order.

The Story - The story mode was the first thing I did in the game, and I was not very impressed. I watched all of the cutscenes summarizing previous games, but even with that the writing was simply abysmal. Extremely generic anime writing with very little depth to any of the characters. The whole thing took me maybe 4-5 hours to complete, so I'm sure a fighting game veteran would likely blitz through the whole thing. Annoyingly, the story mode did not offer much in the way of a tutorial, so most of my learning was pausing at the start of a fight and scrolling through the move lists. The character episodes were even less, you got a brief introductory cutscene, a few fights, than an end cutscene, without adding much more depth to the characters.

Arcade Quest - To be perfectly honest, arcade quest might as well have been the real story mode. It was better in basically every way. A more in-depth tutorial that focuses on whatever character you're playing, a sense of progression as you travel to different arcades fighting stronger and stronger bots (even if they're absolute garbage once you start learning your fundamentals). The writing is still generic as hell of course, but it was fun.

Tekken Ball - Tried it once, didn't care for it... that's all.

Fight Lounge - Seems like an interesting way to introduce a more social aspect to the game. You can chat with people, play against them over and over, and even practice with other players which is really cool. The main downside though is that playing against people is clunky, you have to go to a set of machines, go through a loading screen into a queue, to then ""match"" against the person. It's very awkward, slow, and unintuitive.

Customization - The customization is alright. I like the ability to freely change parts of an item/clothing to any color you want, and it's a feature I wish more character creators would adopt. The amount of items you can equip is a bit underwhelming, options for facial features like hairstyles and eye colors are especially limited, and the inability to add or tweak things on full body outfits feels rather restrictive. Still, it gives enough creative freedom to pull off some really good looking and/or goofy outfits, as well as cosplays.

Monetization - This is a $70 game. If it just had cosmetic microtransactions, I'd find it distasteful but ultimately not care too much since it would be just that, cosmetic. Unfortunately, this is not the case for Tekken 8. You have a battlepass, and paid characters and stages. Making people pay for decades-old characters in a $70 game is criminal, and I hate that ♥♥♥♥ like this is normalized in the gaming industry as a whole. Hell, the worst part for me is that you can't even choose the characters in practice mode if you don't own them, so you can't even lab them unless you have somebody willing to practice online with you.

Practice/Replays - The practice mode is phenomenal. The sheer amount of options and settings you can adjust allows you to practice any scenario, positioning, combo, punish, etc. Additionally, the ability to view replays, as well as take control while watching them is a fantastic. A very well thought-out mode.

Quickplay/Ranked - Okay, time for the real meat of the game. Starting out, I got my ass handed to me, as was expected. I slowly worked my way up to Garyu over the course of a few months as I learned a character or two, slowly working on my fundamentals and figuring out how to stop getting hit by stupid ♥♥♥♥. (Disclaimer: I still get hit by stupid ♥♥♥♥, and I cannot break throws, such is life.)

The learning process was extremely fun, getting a feel for the game's movement and applying more moves and combos into real matches was a blast. The ability to infinitely rematch in quickplay was a much needed addition, as it allowed me and a complete stranger to keep beating the ♥♥♥♥ out of each other while learning our characters' matchup, this was peak enjoyment of the game for me. Unfortunately, reaching the Garyu/Shinryu threshold is where issues with the game became more prevalent.

I understand that much of the game's population is within orange and red ranks, but the skill disparity just doesn't make sense. Sometimes I would get matched up against what felt like green ranks who didn't understand frames and just button mash as you obliterate them. Other times, I would get matched up against what felt like blue ranks who promptly beat my ass. They ducked every high and grab, blocked or parried every low, performed insane wall-carry combos, etc. I'm not sure if smurfing is that prevalent or red ranks are just THAT wide in the range of skill, but matches like these became so common that it just wasn't fun.

Additionally, reaching Garyu is where the game's aggressive nature became much more prevalent. I met more people that would just absolutely rush me down with characters like Nina, Heihachi, and Reina with constant plus on block strings and 50/50s. Now let me say, I understand that these are mostly knowledge checks. I understand that each of these characters have gaps where you can sidestep, jab, crouch, etc to get out of the rush. What I'm saying is that situations like these are where most of the fun vanished. I play games in my free time after work and weekends, I like Tekken 8, but I want to play other games too. For a single character to have the ability to completely shut you down unless you decide to go and lab them for extended periods of time feels ridiculous. It feels like red ranks are a wall that halts all of your momentum until you decide to start extensively labbing, it was a very sudden difficulty spike and smothered out a lot of the enjoyment I was having with the game.

Now, the above wouldn't bother me nearly as much if most of these issues didn't seep into Quickplay, but they do. Huge skill disparity, some characters forcing you to adapt or die, relatively common lagswitching and plugging. It all just feels like a coin toss as to whether or not I'm going to actually enjoy a match. (Also, WHY are people with 20%+ disconnection rates allowed to play the game without any penalties, and WHY don't you at least get a win on record whenever somebody DCs?)

Heat & Rage - I believe my problems with the aggressive gameplay are exacerbated by heat smashes and rage arts. The damage boost from rage as a comeback mechanic seems fine, what I HATE is rage arts. A fast, hyperarmor, high damage move that ignores all hits and throws and forces you to watch a cutscene is not fun. I've lost track of the amount of times where I get someone down to low health, and then the entire match turns into a spacing game of who's going to press the ""win button"" first. I don't like heat at all, the core gameplay already feels robust, but adding heat smashes and oppressive chip damage just takes away from the game.

As of this review I've uninstalled, I REALLY wanted to like this game, but the constant back-and-forth of enjoyment and annoyance has finally worn me down. Might play more, might not, but without a serious overhaul of the game's aggressive nature, I don't see myself playing much more of this game."
Offensive_Pressure,POST,Recommended,192481852,0,plus frames|50/50|offensive|mix-up|lacks|difficult|guess|issues,"Tekken 8 is a flawed fighting game that leans into the modern formula with all of its weight. There is an abundance of offensive tools. Lots of plus frames, high damage combos, 50/50 mix-up situations and the core system mechanics heavily favour this play-style. Unfortunately not every player can fit into that play-style and it has become, in its most recent update, a slot machine but the result always yields 777 on the damage counter. With a few honest tweaks this game can achieve the greatness it strives to reach.

What Tekken 8 Does Well:
+Comprehensive and interactive tutorial in the form of Arcade Quest. You will create an avatar (which you will also use in the games online modes) to engage in a short story mode (approx. 3 hours in length) where you simulate going to local tournaments and as the story progresses you will learn the different layers to Tekken 8.

+Fully in-depth Training Mode. Complete with everything you'd expect from a fighting game with some modern era tweaks, such as Punishment Training. Frame data, combo trials, replay takeover, reset states, wake-ups, stage interactions. It's all there. You'd be hard pressed to find something this games training mode genuinely lacks. Tekken 8 gives you the tools and labbing has never been more fun for me personally.

+Ghost Mode. Another modern addition that enhances player experience. I personally used this in tandem with training mode almost exclusively for 9 months before regularly fighting my friends or playing opponents online. It takes the stress of learning out of the equation while not holding your hand (too tightly mind you) as a CPU would.

+Customisation is back and while its a step down from other games before it namely Tekken 7 and Soulcalibur 6, it does have pretty fun options. You can make almost anything and most customs encountered online are also in good taste. I have literally seen thousands of customs in this game. It definitely allows creative minds to flourish. But there is 100% room for improvement.

+Roster and DLC are quite good. I don't have too much to say about this one. I fortunately have all of my mains already available, though my main Lidia should have been on the launch roster. Coming from Soulcalibur I never cared about Bamco showing all of the DLC at once, because they have never done it like that. Modern sensibilities and economics dictate that more players want to know who exactly they are getting in each season so I understand players now wanting a shift from how Bamco does reveals. I think their current model of at least telling us if the character is returning, new, or guest is a fair middle ground. Bamco also said they would revisit this strategy pending more and more people asking for open reveals. Very fair.

+Music, the game launched with a very catchy OST of its own but also with a complete jukebox of music from the previous games. I especially like that if they use music from an older game like they did with the reveal of Anna Williams, I can just go and find that. I do mostly play with music off though, to help my concentration. Can't say too much here, but I think music is the least of anyones worries.

+Lots of player expression with titles, artwork, frames, banners, etc.
+Lots of single player content.

Things Tekken 8 can work on:
-Netcode can be shaky especially if one player is wired and one is playing on wifi. In fact, about 4 months after the games launch it has rejected all LAN cables I have tried to use. I'm not an elitist tho and will play with pretty much anyone. Netcode is usually part of the games skeleton and any changes to this framework is difficult to improve without disrupting the user experience. I get it. It's serviceable and way better than pre-covid titles. But it does leave more to be desired when you look at the rollback of other modern fighting games.

-The games core mechanic ""HEAT"" can feel overbearing in the sense that there is not much counterplay to it. You take increased damage off of Heat specific attacks, if you block an attack during Heat you will take chip damage, Heat dashes will leave you at disadvantage and will put you in a guess for game situation in many scenarios, Heat Smashes are ""Level 1 type Supers"" that will deal respectable damage if they connect, if they are blocked they will deal a decent amount of chip and will leave the defender at disadvantage and in yet another guess for game scenario. There just aren't enough defensive options. Game can feel like Street Fighter: Oops All Cammy's Edition sometimes. Heat in general I do not mind but it can use tweaks.

-Way too many moves give you plus frames. This makes it so that the game just plays like ""Whoever Hits First WINS"". There is not much room for neutral based gameplay because you will likely win neutral after your first interaction and won't relinquish it until you yourself make a mistake in your own gameplan. It can be very boring. And while I don't think combos are ""too long"" per se, I can understand the sentiment where the round ended quickly based off of two interactions ""in neutral"".

Overall I would rate Tekken 8 an 9/10. I thoroughly enjoy the game and I would recommend it to anyone who enjoys fighting games. But I do want to make known that the game has its issues. Those issues aren't insurmountable and I do think the dev team will ultimately make the changes the game needs. I say this as a person who plays nearly everyday, with anyone, at any level and even in my local scene. Not as an emotional bot who is vocalising what a doomtuber or twitterhead told them to think. At the end of the day I do believe EVERYONE wants Tekken to succeed. I write this review mostly to catalog my own thoughts and encourage others to try the game and make their own judgements."
Offensive_Pressure,POST,Not Recommended,191933786,0,too aggressive|aggressive|rushdown|ignoring|same|broken|punish|identity|difficult|ignored|bad|nerfed,"I remember when my friend first got me into Tekken 7. It was hard, very hard, and it was the first fighting game I had ever jumped into. We played it like a party game for months, practicing combos sometimes, and never really taking it seriously. I remember that day like it was yesterday as well, when I was at work and I was thinking about Lei Wulong, and I texted my friend that I wanted to commit to learning him. Fully learning him, down to the last string. And that was the day I created the Lei Bible for myself.

It took the better part of a year, but it was fun. I genuinely took months to learn everything about Lei, from his frame data to every move in every one of his stances. From his punishers to every one of his wall combos. I learned everything there was to learn about Lei, and I wrote them all by hand in a notebook of mine just so I could memorize and know Lei down to his core. With my friend's help and guidance, I learned and had Lei Wulong down to memory, and I dragged myself to Tekken God Prime with a character that the Tekken community thought was too complicated to play. It was gratifying, genuinely. I played honorably, ignoring dissent from some pros like TheMainManSwe who said that all you needed to do was spam Hellsweep and Razor Rush to climb rank. I wanted to earn a high rank off of my own skill and hard work, and before Tekken 8 came out, I beat that same friend who helped me become as great as I was, a Tekken God Omega Kazuya, in a first to 10 sparring tournament we held against each other. That was the first time I had ever beaten him in that game, and I was sure that as we both transitioned over to Tekken 8, the high I had felt that day would be felt many more times throughout the years. The high of honorably and respectfully winning a duel against an equally respectful and honorable opponent. Unfortunately, that spar we had would be the last time I ever felt high again.

Because Lei wasn't in the game at launch, I had to find a new main, and despite the fact that I had never liked Jin's playstyle when I had first started Tekken, his gameplay in Tekken 8 spoke to me now that I had a deep commitment to playing fair and honorable characters. Spamming, unfair advantages, and broken mechanics didn't make me feel like I earned a win against an opponent, and despite Jin being more flashy and bombastic in this game than he was in 7, I didn't feel like I had an unfair advantage above other opponents like I felt with other characters, so I chose him to be my main, and I learned him fast now that I knew what to learn. I learned everything there was to learn about him and committed myself to playing honest, and I was ready to get into ranked.

To cut to the chase, Tekken 8 just felt wrong. It wasn't the fact that new players were relentlessly spamming, something I devoted myself not to do. It wasn't the fact that any opponent had a built in unfair mechanic to just take your turn back after an opponent rightfully earned a punish, or the fact that anybody could throw out ultimates so easily that you'd get an entire round you earned the win on robbed from you because someone panicked and pressed one button. It wasn't even the fact that movement was heavily gutted, so I couldn't practice Korean Backdash to cause my enemy to wiff when they were being too aggressive. If it were just those things, I could have adjusted and adapted, changing my playstyle up so I could match their aggressiveness and keeping pace with my own. What made Tekken 8 feel so wrong was that all of this was heavily rewarded, while my honest playstyle was not. Spamming strings and moves you didn't understand the frame data for was now the new meta, and being honest was not a thing anymore. Anybody could just press any buttons instead of trying to be strategic and outsmart your opponent. Combos were a waste of time and barely did enough damage to matter. There wasn't respect in anybody's gameplay anymore. I never saw someone Korean Backdash and punish my wiff with a perfectly timed launcher, because that wasn't a thing anymore. I never saw someone notice that they used the same string twice in a row and backed off to clear their mind and not spam. Hell, I didn't even see anybody try to do flashy combos that required work. All that mattered was spamming and getting off a Heat Smash, and if the enemy gets you near death, spam Rage Art. Nobody needed to learn their character like it was back in Tekken 7. Nobody was trying to achieve victory, they just wanted to watch the opponent lose. 

And believe me, I defended the game when it first came out. However, as time wore on, I realized I never got that high that I got from Tekken 7. I never felt like I beat the opponent because I read their next move and beat them with my knowledge, I only ever beat them because they had no idea what I was doing. Tekken 8 lost so much of its identity, and I tried to voice my concern to the community, but I was met with dismissive comment from people brand new to the series who had jumped on the bandwagon and wanted to act like they knew what Tekken was like before. Criticism that could have helped the game got drowned out, and eventually I dropped Tekken 8, followed by my friend who couldn't stand what the game had become following close behind me. 

As a community, we feel dejected. Tekken is too easy now. They made every character beginner friendly but took out all of the hardest things in Tekken that you could learn. Player expression was gutted, as you probably have heard many people say, but its true. I've never seen someone in Tekken 8 do something that left me in awe and made me want to jump in and practice it, because its not difficult. Anybody who practices the game could do what any pro can currently do, and there's nothing skill-wise that can separate us. And unfortunately, our criticism and pleads didn't just get drowned out, but they got actively ignored by the developers. The devs only wanted to listen to the people who would sing Tekken 8's praise, and in response to everybody begging them to fix the game, they turned around and finished the job, thoroughly destroying the game with this second season. I'll admit, I haven't played the second season, so don't think I'm claiming something I'm not, but it doesn't require you to play it for you to know how bad their decisions were. They nerfed the already gutted movement system and doubled down on aggressive gameplay, to the point where you can't even sidestep mids. Oki is practically nonexistent. Defense is practically nonexistent. Its barely even a fighting game anymore. Its just a rushdown simulator, seeing who can press buttons faster than the other before their healthbars disappear. And the devs hear the outcries of their fanbase and would rather tell them to stop complaining, while thanking the few contrarians who defend the game who get proven to not even play it. 

Let's face it, if the devs don't want to hear from us, then they don't want us here. Fine by me. I treated Tekken like a party game in the beginning, but grew to respect it when I saw how much time and focus I could put into it to improve my gameplay. Now, all people do is treat Tekken like a party game, and they don't ever grow out of that mindset because they're rewarded for doing so. So maybe Tekken is a party game now. This isn't the game I dedicated over a year to improving myself on. That game was left behind, just like we have been now. Tekken is dead."
Defense_Movement,PRE,Recommended,190657738,0,defense|side-stepping|blocking|guess|unbalanced|forced|same,"im recommending this game but know this:

its a guess fest. your opponent may very well be just mashing buttons and you still will be at disadvantage.

its a game that punishes defense. youre blocking, waiting for your turn and it never comes. you have to guess what attack will break your opponents chain based on their next move (that can be anything).

along with defending, rolling, side-stepping and any evasion methods from the previous games have been debuffed. 

if youre playing a female character, know that being faster dont mean ♥♥♥♥ against a male character. if they start first, they hit you, if you start first, they overpower your attack and hit you.

80% of the character roster dont stand a chance against 2 or 3 characters from the original roster and none of the new dlc characters.

and EVERY new character is a response to the roster. they will come with a chain that interrupts almost anything anyone has and/or break any established rule previously set and be overpowered against the everyone until the next new dlc.

yes, the music is better, the engine is beautiful and the player base may be larger (than tekken 7, for example - but not that much larger), but the amount of frustration you may get after an online match is considerate.

all that said, again: im still playing it. ive paid for it, after all. anyone saying ""just get better"" or ""its just a noob complaint"" is probably the ones exploring the unbalanced characters. what a great game if everyone is forced to play with the same character as everyone else just to have a chance."
Defense_Movement,PRE,Not Recommended,191027261,0,sidestep|movement|difficult|worst|punish|issues|forcing|problems|ignores|oppressive|50/50s,"To preface: I am a complete newcomer to fighting games, all of my thoughts here are from the perspective of someone who has no frame of reference from previous Tekken games. The most I did before buying this game was watch some Youtube guides to understand the game's basic mechanics and if it looked like something I'd like to play.

Choosing between a positive or negative review was a difficult choice, I greatly enjoyed the core gameplay but there were many annoying things in the game that compounded into me ultimately going with a negative review. At one point I even uninstalled the game, only to reinstall it later just to get another fix (Which was excruciating since it's a 100+ GB game). Here are my thoughts on the game's various pieces in no particular order.

The Story - The story mode was the first thing I did in the game, and I was not very impressed. I watched all of the cutscenes summarizing previous games, but even with that the writing was simply abysmal. Extremely generic anime writing with very little depth to any of the characters. The whole thing took me maybe 4-5 hours to complete, so I'm sure a fighting game veteran would likely blitz through the whole thing. Annoyingly, the story mode did not offer much in the way of a tutorial, so most of my learning was pausing at the start of a fight and scrolling through the move lists. The character episodes were even less, you got a brief introductory cutscene, a few fights, than an end cutscene, without adding much more depth to the characters.

Arcade Quest - To be perfectly honest, arcade quest might as well have been the real story mode. It was better in basically every way. A more in-depth tutorial that focuses on whatever character you're playing, a sense of progression as you travel to different arcades fighting stronger and stronger bots (even if they're absolute garbage once you start learning your fundamentals). The writing is still generic as hell of course, but it was fun.

Tekken Ball - Tried it once, didn't care for it... that's all.

Fight Lounge - Seems like an interesting way to introduce a more social aspect to the game. You can chat with people, play against them over and over, and even practice with other players which is really cool. The main downside though is that playing against people is clunky, you have to go to a set of machines, go through a loading screen into a queue, to then ""match"" against the person. It's very awkward, slow, and unintuitive.

Customization - The customization is alright. I like the ability to freely change parts of an item/clothing to any color you want, and it's a feature I wish more character creators would adopt. The amount of items you can equip is a bit underwhelming, options for facial features like hairstyles and eye colors are especially limited, and the inability to add or tweak things on full body outfits feels rather restrictive. Still, it gives enough creative freedom to pull off some really good looking and/or goofy outfits, as well as cosplays.

Monetization - This is a $70 game. If it just had cosmetic microtransactions, I'd find it distasteful but ultimately not care too much since it would be just that, cosmetic. Unfortunately, this is not the case for Tekken 8. You have a battlepass, and paid characters and stages. Making people pay for decades-old characters in a $70 game is criminal, and I hate that ♥♥♥♥ like this is normalized in the gaming industry as a whole. Hell, the worst part for me is that you can't even choose the characters in practice mode if you don't own them, so you can't even lab them unless you have somebody willing to practice online with you.

Practice/Replays - The practice mode is phenomenal. The sheer amount of options and settings you can adjust allows you to practice any scenario, positioning, combo, punish, etc. Additionally, the ability to view replays, as well as take control while watching them is a fantastic. A very well thought-out mode.

Quickplay/Ranked - Okay, time for the real meat of the game. Starting out, I got my ass handed to me, as was expected. I slowly worked my way up to Garyu over the course of a few months as I learned a character or two, slowly working on my fundamentals and figuring out how to stop getting hit by stupid ♥♥♥♥. (Disclaimer: I still get hit by stupid ♥♥♥♥, and I cannot break throws, such is life.)

The learning process was extremely fun, getting a feel for the game's movement and applying more moves and combos into real matches was a blast. The ability to infinitely rematch in quickplay was a much needed addition, as it allowed me and a complete stranger to keep beating the ♥♥♥♥ out of each other while learning our characters' matchup, this was peak enjoyment of the game for me. Unfortunately, reaching the Garyu/Shinryu threshold is where issues with the game became more prevalent.

I understand that much of the game's population is within orange and red ranks, but the skill disparity just doesn't make sense. Sometimes I would get matched up against what felt like green ranks who didn't understand frames and just button mash as you obliterate them. Other times, I would get matched up against what felt like blue ranks who promptly beat my ass. They ducked every high and grab, blocked or parried every low, performed insane wall-carry combos, etc. I'm not sure if smurfing is that prevalent or red ranks are just THAT wide in the range of skill, but matches like these became so common that it just wasn't fun.

Additionally, reaching Garyu is where the game's aggressive nature became much more prevalent. I met more people that would just absolutely rush me down with characters like Nina, Heihachi, and Reina with constant plus on block strings and 50/50s. Now let me say, I understand that these are mostly knowledge checks. I understand that each of these characters have gaps where you can sidestep, jab, crouch, etc to get out of the rush. What I'm saying is that situations like these are where most of the fun vanished. I play games in my free time after work and weekends, I like Tekken 8, but I want to play other games too. For a single character to have the ability to completely shut you down unless you decide to go and lab them for extended periods of time feels ridiculous. It feels like red ranks are a wall that halts all of your momentum until you decide to start extensively labbing, it was a very sudden difficulty spike and smothered out a lot of the enjoyment I was having with the game.

Now, the above wouldn't bother me nearly as much if most of these issues didn't seep into Quickplay, but they do. Huge skill disparity, some characters forcing you to adapt or die, relatively common lagswitching and plugging. It all just feels like a coin toss as to whether or not I'm going to actually enjoy a match. (Also, WHY are people with 20%+ disconnection rates allowed to play the game without any penalties, and WHY don't you at least get a win on record whenever somebody DCs?)

Heat & Rage - I believe my problems with the aggressive gameplay are exacerbated by heat smashes and rage arts. The damage boost from rage as a comeback mechanic seems fine, what I HATE is rage arts. A fast, hyperarmor, high damage move that ignores all hits and throws and forces you to watch a cutscene is not fun. I've lost track of the amount of times where I get someone down to low health, and then the entire match turns into a spacing game of who's going to press the ""win button"" first. I don't like heat at all, the core gameplay already feels robust, but adding heat smashes and oppressive chip damage just takes away from the game.

As of this review I've uninstalled, I REALLY wanted to like this game, but the constant back-and-forth of enjoyment and annoyance has finally worn me down. Might play more, might not, but without a serious overhaul of the game's aggressive nature, I don't see myself playing much more of this game."
Defense_Movement,POST,Recommended,192481852,0,defensive|neutral|lacks|difficult|guess|issues|50/50|plus frames,"Tekken 8 is a flawed fighting game that leans into the modern formula with all of its weight. There is an abundance of offensive tools. Lots of plus frames, high damage combos, 50/50 mix-up situations and the core system mechanics heavily favour this play-style. Unfortunately not every player can fit into that play-style and it has become, in its most recent update, a slot machine but the result always yields 777 on the damage counter. With a few honest tweaks this game can achieve the greatness it strives to reach.

What Tekken 8 Does Well:
+Comprehensive and interactive tutorial in the form of Arcade Quest. You will create an avatar (which you will also use in the games online modes) to engage in a short story mode (approx. 3 hours in length) where you simulate going to local tournaments and as the story progresses you will learn the different layers to Tekken 8.

+Fully in-depth Training Mode. Complete with everything you'd expect from a fighting game with some modern era tweaks, such as Punishment Training. Frame data, combo trials, replay takeover, reset states, wake-ups, stage interactions. It's all there. You'd be hard pressed to find something this games training mode genuinely lacks. Tekken 8 gives you the tools and labbing has never been more fun for me personally.

+Ghost Mode. Another modern addition that enhances player experience. I personally used this in tandem with training mode almost exclusively for 9 months before regularly fighting my friends or playing opponents online. It takes the stress of learning out of the equation while not holding your hand (too tightly mind you) as a CPU would.

+Customisation is back and while its a step down from other games before it namely Tekken 7 and Soulcalibur 6, it does have pretty fun options. You can make almost anything and most customs encountered online are also in good taste. I have literally seen thousands of customs in this game. It definitely allows creative minds to flourish. But there is 100% room for improvement.

+Roster and DLC are quite good. I don't have too much to say about this one. I fortunately have all of my mains already available, though my main Lidia should have been on the launch roster. Coming from Soulcalibur I never cared about Bamco showing all of the DLC at once, because they have never done it like that. Modern sensibilities and economics dictate that more players want to know who exactly they are getting in each season so I understand players now wanting a shift from how Bamco does reveals. I think their current model of at least telling us if the character is returning, new, or guest is a fair middle ground. Bamco also said they would revisit this strategy pending more and more people asking for open reveals. Very fair.

+Music, the game launched with a very catchy OST of its own but also with a complete jukebox of music from the previous games. I especially like that if they use music from an older game like they did with the reveal of Anna Williams, I can just go and find that. I do mostly play with music off though, to help my concentration. Can't say too much here, but I think music is the least of anyones worries.

+Lots of player expression with titles, artwork, frames, banners, etc.
+Lots of single player content.

Things Tekken 8 can work on:
-Netcode can be shaky especially if one player is wired and one is playing on wifi. In fact, about 4 months after the games launch it has rejected all LAN cables I have tried to use. I'm not an elitist tho and will play with pretty much anyone. Netcode is usually part of the games skeleton and any changes to this framework is difficult to improve without disrupting the user experience. I get it. It's serviceable and way better than pre-covid titles. But it does leave more to be desired when you look at the rollback of other modern fighting games.

-The games core mechanic ""HEAT"" can feel overbearing in the sense that there is not much counterplay to it. You take increased damage off of Heat specific attacks, if you block an attack during Heat you will take chip damage, Heat dashes will leave you at disadvantage and will put you in a guess for game situation in many scenarios, Heat Smashes are ""Level 1 type Supers"" that will deal respectable damage if they connect, if they are blocked they will deal a decent amount of chip and will leave the defender at disadvantage and in yet another guess for game scenario. There just aren't enough defensive options. Game can feel like Street Fighter: Oops All Cammy's Edition sometimes. Heat in general I do not mind but it can use tweaks.

-Way too many moves give you plus frames. This makes it so that the game just plays like ""Whoever Hits First WINS"". There is not much room for neutral based gameplay because you will likely win neutral after your first interaction and won't relinquish it until you yourself make a mistake in your own gameplan. It can be very boring. And while I don't think combos are ""too long"" per se, I can understand the sentiment where the round ended quickly based off of two interactions ""in neutral"".

Overall I would rate Tekken 8 an 9/10. I thoroughly enjoy the game and I would recommend it to anyone who enjoys fighting games. But I do want to make known that the game has its issues. Those issues aren't insurmountable and I do think the dev team will ultimately make the changes the game needs. I say this as a person who plays nearly everyday, with anyone, at any level and even in my local scene. Not as an emotional bot who is vocalising what a doomtuber or twitterhead told them to think. At the end of the day I do believe EVERYONE wants Tekken to succeed. I write this review mostly to catalog my own thoughts and encourage others to try the game and make their own judgements."
Defense_Movement,POST,Not Recommended,191933786,0,defense|backdash|sidestep|movement|ignoring|same|broken|punish|identity|difficult|ignored|bad|nerfed,"I remember when my friend first got me into Tekken 7. It was hard, very hard, and it was the first fighting game I had ever jumped into. We played it like a party game for months, practicing combos sometimes, and never really taking it seriously. I remember that day like it was yesterday as well, when I was at work and I was thinking about Lei Wulong, and I texted my friend that I wanted to commit to learning him. Fully learning him, down to the last string. And that was the day I created the Lei Bible for myself.

It took the better part of a year, but it was fun. I genuinely took months to learn everything about Lei, from his frame data to every move in every one of his stances. From his punishers to every one of his wall combos. I learned everything there was to learn about Lei, and I wrote them all by hand in a notebook of mine just so I could memorize and know Lei down to his core. With my friend's help and guidance, I learned and had Lei Wulong down to memory, and I dragged myself to Tekken God Prime with a character that the Tekken community thought was too complicated to play. It was gratifying, genuinely. I played honorably, ignoring dissent from some pros like TheMainManSwe who said that all you needed to do was spam Hellsweep and Razor Rush to climb rank. I wanted to earn a high rank off of my own skill and hard work, and before Tekken 8 came out, I beat that same friend who helped me become as great as I was, a Tekken God Omega Kazuya, in a first to 10 sparring tournament we held against each other. That was the first time I had ever beaten him in that game, and I was sure that as we both transitioned over to Tekken 8, the high I had felt that day would be felt many more times throughout the years. The high of honorably and respectfully winning a duel against an equally respectful and honorable opponent. Unfortunately, that spar we had would be the last time I ever felt high again.

Because Lei wasn't in the game at launch, I had to find a new main, and despite the fact that I had never liked Jin's playstyle when I had first started Tekken, his gameplay in Tekken 8 spoke to me now that I had a deep commitment to playing fair and honorable characters. Spamming, unfair advantages, and broken mechanics didn't make me feel like I earned a win against an opponent, and despite Jin being more flashy and bombastic in this game than he was in 7, I didn't feel like I had an unfair advantage above other opponents like I felt with other characters, so I chose him to be my main, and I learned him fast now that I knew what to learn. I learned everything there was to learn about him and committed myself to playing honest, and I was ready to get into ranked.

To cut to the chase, Tekken 8 just felt wrong. It wasn't the fact that new players were relentlessly spamming, something I devoted myself not to do. It wasn't the fact that any opponent had a built in unfair mechanic to just take your turn back after an opponent rightfully earned a punish, or the fact that anybody could throw out ultimates so easily that you'd get an entire round you earned the win on robbed from you because someone panicked and pressed one button. It wasn't even the fact that movement was heavily gutted, so I couldn't practice Korean Backdash to cause my enemy to wiff when they were being too aggressive. If it were just those things, I could have adjusted and adapted, changing my playstyle up so I could match their aggressiveness and keeping pace with my own. What made Tekken 8 feel so wrong was that all of this was heavily rewarded, while my honest playstyle was not. Spamming strings and moves you didn't understand the frame data for was now the new meta, and being honest was not a thing anymore. Anybody could just press any buttons instead of trying to be strategic and outsmart your opponent. Combos were a waste of time and barely did enough damage to matter. There wasn't respect in anybody's gameplay anymore. I never saw someone Korean Backdash and punish my wiff with a perfectly timed launcher, because that wasn't a thing anymore. I never saw someone notice that they used the same string twice in a row and backed off to clear their mind and not spam. Hell, I didn't even see anybody try to do flashy combos that required work. All that mattered was spamming and getting off a Heat Smash, and if the enemy gets you near death, spam Rage Art. Nobody needed to learn their character like it was back in Tekken 7. Nobody was trying to achieve victory, they just wanted to watch the opponent lose. 

And believe me, I defended the game when it first came out. However, as time wore on, I realized I never got that high that I got from Tekken 7. I never felt like I beat the opponent because I read their next move and beat them with my knowledge, I only ever beat them because they had no idea what I was doing. Tekken 8 lost so much of its identity, and I tried to voice my concern to the community, but I was met with dismissive comment from people brand new to the series who had jumped on the bandwagon and wanted to act like they knew what Tekken was like before. Criticism that could have helped the game got drowned out, and eventually I dropped Tekken 8, followed by my friend who couldn't stand what the game had become following close behind me. 

As a community, we feel dejected. Tekken is too easy now. They made every character beginner friendly but took out all of the hardest things in Tekken that you could learn. Player expression was gutted, as you probably have heard many people say, but its true. I've never seen someone in Tekken 8 do something that left me in awe and made me want to jump in and practice it, because its not difficult. Anybody who practices the game could do what any pro can currently do, and there's nothing skill-wise that can separate us. And unfortunately, our criticism and pleads didn't just get drowned out, but they got actively ignored by the developers. The devs only wanted to listen to the people who would sing Tekken 8's praise, and in response to everybody begging them to fix the game, they turned around and finished the job, thoroughly destroying the game with this second season. I'll admit, I haven't played the second season, so don't think I'm claiming something I'm not, but it doesn't require you to play it for you to know how bad their decisions were. They nerfed the already gutted movement system and doubled down on aggressive gameplay, to the point where you can't even sidestep mids. Oki is practically nonexistent. Defense is practically nonexistent. Its barely even a fighting game anymore. Its just a rushdown simulator, seeing who can press buttons faster than the other before their healthbars disappear. And the devs hear the outcries of their fanbase and would rather tell them to stop complaining, while thanking the few contrarians who defend the game who get proven to not even play it. 

Let's face it, if the devs don't want to hear from us, then they don't want us here. Fine by me. I treated Tekken like a party game in the beginning, but grew to respect it when I saw how much time and focus I could put into it to improve my gameplay. Now, all people do is treat Tekken like a party game, and they don't ever grow out of that mindset because they're rewarded for doing so. So maybe Tekken is a party game now. This isn't the game I dedicated over a year to improving myself on. That game was left behind, just like we have been now. Tekken is dead."
Character_Homogenization,PRE,Recommended,190657738,0,character|characters|roster|everyone|same,"im recommending this game but know this:

its a guess fest. your opponent may very well be just mashing buttons and you still will be at disadvantage.

its a game that punishes defense. youre blocking, waiting for your turn and it never comes. you have to guess what attack will break your opponents chain based on their next move (that can be anything).

along with defending, rolling, side-stepping and any evasion methods from the previous games have been debuffed. 

if youre playing a female character, know that being faster dont mean ♥♥♥♥ against a male character. if they start first, they hit you, if you start first, they overpower your attack and hit you.

80% of the character roster dont stand a chance against 2 or 3 characters from the original roster and none of the new dlc characters.

and EVERY new character is a response to the roster. they will come with a chain that interrupts almost anything anyone has and/or break any established rule previously set and be overpowered against the everyone until the next new dlc.

yes, the music is better, the engine is beautiful and the player base may be larger (than tekken 7, for example - but not that much larger), but the amount of frustration you may get after an online match is considerate.

all that said, again: im still playing it. ive paid for it, after all. anyone saying ""just get better"" or ""its just a noob complaint"" is probably the ones exploring the unbalanced characters. what a great game if everyone is forced to play with the same character as everyone else just to have a chance."
Character_Homogenization,PRE,Not Recommended,191153558,0,characters|weaknesses,"As a new player, I really liked the game. Despite its problems, it was fun and pushed me to learn and improve. However, instead of fixing the games problems, the developers are making it even worse.
Rather than toning down broken heat, unreasonable guessing and overpowered characters, they are doubling down on them. They are randomly giving characters broken moves which cover their weaknesses, while also making sure to redesign them to include more installs, stances and canned mixups, since that's the peak of their game design ability.
Instead of fixing unreasonable tracking and move realignment, they are dumbing down the game mechanics across the board. Now they are also changing core game design choices, like the UI notifications that will now show you what's happening on the screen, just to make sure you have to think as little as possible.
If you want to train a monkey to play a video game, with bananas and positive reinforcement, this might be the game for you. But if you want to take the game seriously or invest time into it, it's not worth it. They have shown they are clueless and don't care about the integrity of the game at all.
I am hopeless and don't expect any change unless they fire the whole dev team and start anew, but this wont happen. It's unfortunate, as the game had potential."
Character_Homogenization,POST,Recommended,192481852,0,character|roster|everyone,"Tekken 8 is a flawed fighting game that leans into the modern formula with all of its weight. There is an abundance of offensive tools. Lots of plus frames, high damage combos, 50/50 mix-up situations and the core system mechanics heavily favour this play-style. Unfortunately not every player can fit into that play-style and it has become, in its most recent update, a slot machine but the result always yields 777 on the damage counter. With a few honest tweaks this game can achieve the greatness it strives to reach.

What Tekken 8 Does Well:
+Comprehensive and interactive tutorial in the form of Arcade Quest. You will create an avatar (which you will also use in the games online modes) to engage in a short story mode (approx. 3 hours in length) where you simulate going to local tournaments and as the story progresses you will learn the different layers to Tekken 8.

+Fully in-depth Training Mode. Complete with everything you'd expect from a fighting game with some modern era tweaks, such as Punishment Training. Frame data, combo trials, replay takeover, reset states, wake-ups, stage interactions. It's all there. You'd be hard pressed to find something this games training mode genuinely lacks. Tekken 8 gives you the tools and labbing has never been more fun for me personally.

+Ghost Mode. Another modern addition that enhances player experience. I personally used this in tandem with training mode almost exclusively for 9 months before regularly fighting my friends or playing opponents online. It takes the stress of learning out of the equation while not holding your hand (too tightly mind you) as a CPU would.

+Customisation is back and while its a step down from other games before it namely Tekken 7 and Soulcalibur 6, it does have pretty fun options. You can make almost anything and most customs encountered online are also in good taste. I have literally seen thousands of customs in this game. It definitely allows creative minds to flourish. But there is 100% room for improvement.

+Roster and DLC are quite good. I don't have too much to say about this one. I fortunately have all of my mains already available, though my main Lidia should have been on the launch roster. Coming from Soulcalibur I never cared about Bamco showing all of the DLC at once, because they have never done it like that. Modern sensibilities and economics dictate that more players want to know who exactly they are getting in each season so I understand players now wanting a shift from how Bamco does reveals. I think their current model of at least telling us if the character is returning, new, or guest is a fair middle ground. Bamco also said they would revisit this strategy pending more and more people asking for open reveals. Very fair.

+Music, the game launched with a very catchy OST of its own but also with a complete jukebox of music from the previous games. I especially like that if they use music from an older game like they did with the reveal of Anna Williams, I can just go and find that. I do mostly play with music off though, to help my concentration. Can't say too much here, but I think music is the least of anyones worries.

+Lots of player expression with titles, artwork, frames, banners, etc.
+Lots of single player content.

Things Tekken 8 can work on:
-Netcode can be shaky especially if one player is wired and one is playing on wifi. In fact, about 4 months after the games launch it has rejected all LAN cables I have tried to use. I'm not an elitist tho and will play with pretty much anyone. Netcode is usually part of the games skeleton and any changes to this framework is difficult to improve without disrupting the user experience. I get it. It's serviceable and way better than pre-covid titles. But it does leave more to be desired when you look at the rollback of other modern fighting games.

-The games core mechanic ""HEAT"" can feel overbearing in the sense that there is not much counterplay to it. You take increased damage off of Heat specific attacks, if you block an attack during Heat you will take chip damage, Heat dashes will leave you at disadvantage and will put you in a guess for game situation in many scenarios, Heat Smashes are ""Level 1 type Supers"" that will deal respectable damage if they connect, if they are blocked they will deal a decent amount of chip and will leave the defender at disadvantage and in yet another guess for game scenario. There just aren't enough defensive options. Game can feel like Street Fighter: Oops All Cammy's Edition sometimes. Heat in general I do not mind but it can use tweaks.

-Way too many moves give you plus frames. This makes it so that the game just plays like ""Whoever Hits First WINS"". There is not much room for neutral based gameplay because you will likely win neutral after your first interaction and won't relinquish it until you yourself make a mistake in your own gameplan. It can be very boring. And while I don't think combos are ""too long"" per se, I can understand the sentiment where the round ended quickly based off of two interactions ""in neutral"".

Overall I would rate Tekken 8 an 9/10. I thoroughly enjoy the game and I would recommend it to anyone who enjoys fighting games. But I do want to make known that the game has its issues. Those issues aren't insurmountable and I do think the dev team will ultimately make the changes the game needs. I say this as a person who plays nearly everyday, with anyone, at any level and even in my local scene. Not as an emotional bot who is vocalising what a doomtuber or twitterhead told them to think. At the end of the day I do believe EVERYONE wants Tekken to succeed. I write this review mostly to catalog my own thoughts and encourage others to try the game and make their own judgements."
Character_Homogenization,POST,Not Recommended,191933786,0,character|characters|same|identity,"I remember when my friend first got me into Tekken 7. It was hard, very hard, and it was the first fighting game I had ever jumped into. We played it like a party game for months, practicing combos sometimes, and never really taking it seriously. I remember that day like it was yesterday as well, when I was at work and I was thinking about Lei Wulong, and I texted my friend that I wanted to commit to learning him. Fully learning him, down to the last string. And that was the day I created the Lei Bible for myself.

It took the better part of a year, but it was fun. I genuinely took months to learn everything about Lei, from his frame data to every move in every one of his stances. From his punishers to every one of his wall combos. I learned everything there was to learn about Lei, and I wrote them all by hand in a notebook of mine just so I could memorize and know Lei down to his core. With my friend's help and guidance, I learned and had Lei Wulong down to memory, and I dragged myself to Tekken God Prime with a character that the Tekken community thought was too complicated to play. It was gratifying, genuinely. I played honorably, ignoring dissent from some pros like TheMainManSwe who said that all you needed to do was spam Hellsweep and Razor Rush to climb rank. I wanted to earn a high rank off of my own skill and hard work, and before Tekken 8 came out, I beat that same friend who helped me become as great as I was, a Tekken God Omega Kazuya, in a first to 10 sparring tournament we held against each other. That was the first time I had ever beaten him in that game, and I was sure that as we both transitioned over to Tekken 8, the high I had felt that day would be felt many more times throughout the years. The high of honorably and respectfully winning a duel against an equally respectful and honorable opponent. Unfortunately, that spar we had would be the last time I ever felt high again.

Because Lei wasn't in the game at launch, I had to find a new main, and despite the fact that I had never liked Jin's playstyle when I had first started Tekken, his gameplay in Tekken 8 spoke to me now that I had a deep commitment to playing fair and honorable characters. Spamming, unfair advantages, and broken mechanics didn't make me feel like I earned a win against an opponent, and despite Jin being more flashy and bombastic in this game than he was in 7, I didn't feel like I had an unfair advantage above other opponents like I felt with other characters, so I chose him to be my main, and I learned him fast now that I knew what to learn. I learned everything there was to learn about him and committed myself to playing honest, and I was ready to get into ranked.

To cut to the chase, Tekken 8 just felt wrong. It wasn't the fact that new players were relentlessly spamming, something I devoted myself not to do. It wasn't the fact that any opponent had a built in unfair mechanic to just take your turn back after an opponent rightfully earned a punish, or the fact that anybody could throw out ultimates so easily that you'd get an entire round you earned the win on robbed from you because someone panicked and pressed one button. It wasn't even the fact that movement was heavily gutted, so I couldn't practice Korean Backdash to cause my enemy to wiff when they were being too aggressive. If it were just those things, I could have adjusted and adapted, changing my playstyle up so I could match their aggressiveness and keeping pace with my own. What made Tekken 8 feel so wrong was that all of this was heavily rewarded, while my honest playstyle was not. Spamming strings and moves you didn't understand the frame data for was now the new meta, and being honest was not a thing anymore. Anybody could just press any buttons instead of trying to be strategic and outsmart your opponent. Combos were a waste of time and barely did enough damage to matter. There wasn't respect in anybody's gameplay anymore. I never saw someone Korean Backdash and punish my wiff with a perfectly timed launcher, because that wasn't a thing anymore. I never saw someone notice that they used the same string twice in a row and backed off to clear their mind and not spam. Hell, I didn't even see anybody try to do flashy combos that required work. All that mattered was spamming and getting off a Heat Smash, and if the enemy gets you near death, spam Rage Art. Nobody needed to learn their character like it was back in Tekken 7. Nobody was trying to achieve victory, they just wanted to watch the opponent lose. 

And believe me, I defended the game when it first came out. However, as time wore on, I realized I never got that high that I got from Tekken 7. I never felt like I beat the opponent because I read their next move and beat them with my knowledge, I only ever beat them because they had no idea what I was doing. Tekken 8 lost so much of its identity, and I tried to voice my concern to the community, but I was met with dismissive comment from people brand new to the series who had jumped on the bandwagon and wanted to act like they knew what Tekken was like before. Criticism that could have helped the game got drowned out, and eventually I dropped Tekken 8, followed by my friend who couldn't stand what the game had become following close behind me. 

As a community, we feel dejected. Tekken is too easy now. They made every character beginner friendly but took out all of the hardest things in Tekken that you could learn. Player expression was gutted, as you probably have heard many people say, but its true. I've never seen someone in Tekken 8 do something that left me in awe and made me want to jump in and practice it, because its not difficult. Anybody who practices the game could do what any pro can currently do, and there's nothing skill-wise that can separate us. And unfortunately, our criticism and pleads didn't just get drowned out, but they got actively ignored by the developers. The devs only wanted to listen to the people who would sing Tekken 8's praise, and in response to everybody begging them to fix the game, they turned around and finished the job, thoroughly destroying the game with this second season. I'll admit, I haven't played the second season, so don't think I'm claiming something I'm not, but it doesn't require you to play it for you to know how bad their decisions were. They nerfed the already gutted movement system and doubled down on aggressive gameplay, to the point where you can't even sidestep mids. Oki is practically nonexistent. Defense is practically nonexistent. Its barely even a fighting game anymore. Its just a rushdown simulator, seeing who can press buttons faster than the other before their healthbars disappear. And the devs hear the outcries of their fanbase and would rather tell them to stop complaining, while thanking the few contrarians who defend the game who get proven to not even play it. 

Let's face it, if the devs don't want to hear from us, then they don't want us here. Fine by me. I treated Tekken like a party game in the beginning, but grew to respect it when I saw how much time and focus I could put into it to improve my gameplay. Now, all people do is treat Tekken like a party game, and they don't ever grow out of that mindset because they're rewarded for doing so. So maybe Tekken is a party game now. This isn't the game I dedicated over a year to improving myself on. That game was left behind, just like we have been now. Tekken is dead."
Heat_System,PRE,Recommended,191488513,0,heat,"Unprecedented gameplay, other fighting games cant even come closer including the game that white and red karate guys can throw blue balls.

Game can be played at any level. If you like you can just open arcade or treasure mode and just smash, or go to the world of competition of Tekken.

Sometimes fair sometimes unfair, sometimes outplayed, sometimes outplay your opponent, beat by chance , beaten by chance, adapt opponent gameplay play with your opponent.Shows you all aspects of competitive gameplay. Game has a depthness that you can improve yourself for a lifetime.Every move has an answer, every move sometimes even every step is risk and reward. Been playing Tekken around 25 years and everyday learning new stuff.

Only criticism could be about heat engagers always puts you to 50/50 situation but this applies to your opponent as well, increasing luck for both parties, sometimes it feels unfair but sometimes you can beat players better than you as well so fair enough.

As a gamer playing since commodore 64 for me this is one of the best game ever made in gaming history."
Heat_System,PRE,Not Recommended,191027261,0,heat,"To preface: I am a complete newcomer to fighting games, all of my thoughts here are from the perspective of someone who has no frame of reference from previous Tekken games. The most I did before buying this game was watch some Youtube guides to understand the game's basic mechanics and if it looked like something I'd like to play.

Choosing between a positive or negative review was a difficult choice, I greatly enjoyed the core gameplay but there were many annoying things in the game that compounded into me ultimately going with a negative review. At one point I even uninstalled the game, only to reinstall it later just to get another fix (Which was excruciating since it's a 100+ GB game). Here are my thoughts on the game's various pieces in no particular order.

The Story - The story mode was the first thing I did in the game, and I was not very impressed. I watched all of the cutscenes summarizing previous games, but even with that the writing was simply abysmal. Extremely generic anime writing with very little depth to any of the characters. The whole thing took me maybe 4-5 hours to complete, so I'm sure a fighting game veteran would likely blitz through the whole thing. Annoyingly, the story mode did not offer much in the way of a tutorial, so most of my learning was pausing at the start of a fight and scrolling through the move lists. The character episodes were even less, you got a brief introductory cutscene, a few fights, than an end cutscene, without adding much more depth to the characters.

Arcade Quest - To be perfectly honest, arcade quest might as well have been the real story mode. It was better in basically every way. A more in-depth tutorial that focuses on whatever character you're playing, a sense of progression as you travel to different arcades fighting stronger and stronger bots (even if they're absolute garbage once you start learning your fundamentals). The writing is still generic as hell of course, but it was fun.

Tekken Ball - Tried it once, didn't care for it... that's all.

Fight Lounge - Seems like an interesting way to introduce a more social aspect to the game. You can chat with people, play against them over and over, and even practice with other players which is really cool. The main downside though is that playing against people is clunky, you have to go to a set of machines, go through a loading screen into a queue, to then ""match"" against the person. It's very awkward, slow, and unintuitive.

Customization - The customization is alright. I like the ability to freely change parts of an item/clothing to any color you want, and it's a feature I wish more character creators would adopt. The amount of items you can equip is a bit underwhelming, options for facial features like hairstyles and eye colors are especially limited, and the inability to add or tweak things on full body outfits feels rather restrictive. Still, it gives enough creative freedom to pull off some really good looking and/or goofy outfits, as well as cosplays.

Monetization - This is a $70 game. If it just had cosmetic microtransactions, I'd find it distasteful but ultimately not care too much since it would be just that, cosmetic. Unfortunately, this is not the case for Tekken 8. You have a battlepass, and paid characters and stages. Making people pay for decades-old characters in a $70 game is criminal, and I hate that ♥♥♥♥ like this is normalized in the gaming industry as a whole. Hell, the worst part for me is that you can't even choose the characters in practice mode if you don't own them, so you can't even lab them unless you have somebody willing to practice online with you.

Practice/Replays - The practice mode is phenomenal. The sheer amount of options and settings you can adjust allows you to practice any scenario, positioning, combo, punish, etc. Additionally, the ability to view replays, as well as take control while watching them is a fantastic. A very well thought-out mode.

Quickplay/Ranked - Okay, time for the real meat of the game. Starting out, I got my ass handed to me, as was expected. I slowly worked my way up to Garyu over the course of a few months as I learned a character or two, slowly working on my fundamentals and figuring out how to stop getting hit by stupid ♥♥♥♥. (Disclaimer: I still get hit by stupid ♥♥♥♥, and I cannot break throws, such is life.)

The learning process was extremely fun, getting a feel for the game's movement and applying more moves and combos into real matches was a blast. The ability to infinitely rematch in quickplay was a much needed addition, as it allowed me and a complete stranger to keep beating the ♥♥♥♥ out of each other while learning our characters' matchup, this was peak enjoyment of the game for me. Unfortunately, reaching the Garyu/Shinryu threshold is where issues with the game became more prevalent.

I understand that much of the game's population is within orange and red ranks, but the skill disparity just doesn't make sense. Sometimes I would get matched up against what felt like green ranks who didn't understand frames and just button mash as you obliterate them. Other times, I would get matched up against what felt like blue ranks who promptly beat my ass. They ducked every high and grab, blocked or parried every low, performed insane wall-carry combos, etc. I'm not sure if smurfing is that prevalent or red ranks are just THAT wide in the range of skill, but matches like these became so common that it just wasn't fun.

Additionally, reaching Garyu is where the game's aggressive nature became much more prevalent. I met more people that would just absolutely rush me down with characters like Nina, Heihachi, and Reina with constant plus on block strings and 50/50s. Now let me say, I understand that these are mostly knowledge checks. I understand that each of these characters have gaps where you can sidestep, jab, crouch, etc to get out of the rush. What I'm saying is that situations like these are where most of the fun vanished. I play games in my free time after work and weekends, I like Tekken 8, but I want to play other games too. For a single character to have the ability to completely shut you down unless you decide to go and lab them for extended periods of time feels ridiculous. It feels like red ranks are a wall that halts all of your momentum until you decide to start extensively labbing, it was a very sudden difficulty spike and smothered out a lot of the enjoyment I was having with the game.

Now, the above wouldn't bother me nearly as much if most of these issues didn't seep into Quickplay, but they do. Huge skill disparity, some characters forcing you to adapt or die, relatively common lagswitching and plugging. It all just feels like a coin toss as to whether or not I'm going to actually enjoy a match. (Also, WHY are people with 20%+ disconnection rates allowed to play the game without any penalties, and WHY don't you at least get a win on record whenever somebody DCs?)

Heat & Rage - I believe my problems with the aggressive gameplay are exacerbated by heat smashes and rage arts. The damage boost from rage as a comeback mechanic seems fine, what I HATE is rage arts. A fast, hyperarmor, high damage move that ignores all hits and throws and forces you to watch a cutscene is not fun. I've lost track of the amount of times where I get someone down to low health, and then the entire match turns into a spacing game of who's going to press the ""win button"" first. I don't like heat at all, the core gameplay already feels robust, but adding heat smashes and oppressive chip damage just takes away from the game.

As of this review I've uninstalled, I REALLY wanted to like this game, but the constant back-and-forth of enjoyment and annoyance has finally worn me down. Might play more, might not, but without a serious overhaul of the game's aggressive nature, I don't see myself playing much more of this game."
Heat_System,POST,Recommended,192481852,0,heat,"Tekken 8 is a flawed fighting game that leans into the modern formula with all of its weight. There is an abundance of offensive tools. Lots of plus frames, high damage combos, 50/50 mix-up situations and the core system mechanics heavily favour this play-style. Unfortunately not every player can fit into that play-style and it has become, in its most recent update, a slot machine but the result always yields 777 on the damage counter. With a few honest tweaks this game can achieve the greatness it strives to reach.

What Tekken 8 Does Well:
+Comprehensive and interactive tutorial in the form of Arcade Quest. You will create an avatar (which you will also use in the games online modes) to engage in a short story mode (approx. 3 hours in length) where you simulate going to local tournaments and as the story progresses you will learn the different layers to Tekken 8.

+Fully in-depth Training Mode. Complete with everything you'd expect from a fighting game with some modern era tweaks, such as Punishment Training. Frame data, combo trials, replay takeover, reset states, wake-ups, stage interactions. It's all there. You'd be hard pressed to find something this games training mode genuinely lacks. Tekken 8 gives you the tools and labbing has never been more fun for me personally.

+Ghost Mode. Another modern addition that enhances player experience. I personally used this in tandem with training mode almost exclusively for 9 months before regularly fighting my friends or playing opponents online. It takes the stress of learning out of the equation while not holding your hand (too tightly mind you) as a CPU would.

+Customisation is back and while its a step down from other games before it namely Tekken 7 and Soulcalibur 6, it does have pretty fun options. You can make almost anything and most customs encountered online are also in good taste. I have literally seen thousands of customs in this game. It definitely allows creative minds to flourish. But there is 100% room for improvement.

+Roster and DLC are quite good. I don't have too much to say about this one. I fortunately have all of my mains already available, though my main Lidia should have been on the launch roster. Coming from Soulcalibur I never cared about Bamco showing all of the DLC at once, because they have never done it like that. Modern sensibilities and economics dictate that more players want to know who exactly they are getting in each season so I understand players now wanting a shift from how Bamco does reveals. I think their current model of at least telling us if the character is returning, new, or guest is a fair middle ground. Bamco also said they would revisit this strategy pending more and more people asking for open reveals. Very fair.

+Music, the game launched with a very catchy OST of its own but also with a complete jukebox of music from the previous games. I especially like that if they use music from an older game like they did with the reveal of Anna Williams, I can just go and find that. I do mostly play with music off though, to help my concentration. Can't say too much here, but I think music is the least of anyones worries.

+Lots of player expression with titles, artwork, frames, banners, etc.
+Lots of single player content.

Things Tekken 8 can work on:
-Netcode can be shaky especially if one player is wired and one is playing on wifi. In fact, about 4 months after the games launch it has rejected all LAN cables I have tried to use. I'm not an elitist tho and will play with pretty much anyone. Netcode is usually part of the games skeleton and any changes to this framework is difficult to improve without disrupting the user experience. I get it. It's serviceable and way better than pre-covid titles. But it does leave more to be desired when you look at the rollback of other modern fighting games.

-The games core mechanic ""HEAT"" can feel overbearing in the sense that there is not much counterplay to it. You take increased damage off of Heat specific attacks, if you block an attack during Heat you will take chip damage, Heat dashes will leave you at disadvantage and will put you in a guess for game situation in many scenarios, Heat Smashes are ""Level 1 type Supers"" that will deal respectable damage if they connect, if they are blocked they will deal a decent amount of chip and will leave the defender at disadvantage and in yet another guess for game scenario. There just aren't enough defensive options. Game can feel like Street Fighter: Oops All Cammy's Edition sometimes. Heat in general I do not mind but it can use tweaks.

-Way too many moves give you plus frames. This makes it so that the game just plays like ""Whoever Hits First WINS"". There is not much room for neutral based gameplay because you will likely win neutral after your first interaction and won't relinquish it until you yourself make a mistake in your own gameplan. It can be very boring. And while I don't think combos are ""too long"" per se, I can understand the sentiment where the round ended quickly based off of two interactions ""in neutral"".

Overall I would rate Tekken 8 an 9/10. I thoroughly enjoy the game and I would recommend it to anyone who enjoys fighting games. But I do want to make known that the game has its issues. Those issues aren't insurmountable and I do think the dev team will ultimately make the changes the game needs. I say this as a person who plays nearly everyday, with anyone, at any level and even in my local scene. Not as an emotional bot who is vocalising what a doomtuber or twitterhead told them to think. At the end of the day I do believe EVERYONE wants Tekken to succeed. I write this review mostly to catalog my own thoughts and encourage others to try the game and make their own judgements."
Heat_System,POST,Not Recommended,191933786,0,heat,"I remember when my friend first got me into Tekken 7. It was hard, very hard, and it was the first fighting game I had ever jumped into. We played it like a party game for months, practicing combos sometimes, and never really taking it seriously. I remember that day like it was yesterday as well, when I was at work and I was thinking about Lei Wulong, and I texted my friend that I wanted to commit to learning him. Fully learning him, down to the last string. And that was the day I created the Lei Bible for myself.

It took the better part of a year, but it was fun. I genuinely took months to learn everything about Lei, from his frame data to every move in every one of his stances. From his punishers to every one of his wall combos. I learned everything there was to learn about Lei, and I wrote them all by hand in a notebook of mine just so I could memorize and know Lei down to his core. With my friend's help and guidance, I learned and had Lei Wulong down to memory, and I dragged myself to Tekken God Prime with a character that the Tekken community thought was too complicated to play. It was gratifying, genuinely. I played honorably, ignoring dissent from some pros like TheMainManSwe who said that all you needed to do was spam Hellsweep and Razor Rush to climb rank. I wanted to earn a high rank off of my own skill and hard work, and before Tekken 8 came out, I beat that same friend who helped me become as great as I was, a Tekken God Omega Kazuya, in a first to 10 sparring tournament we held against each other. That was the first time I had ever beaten him in that game, and I was sure that as we both transitioned over to Tekken 8, the high I had felt that day would be felt many more times throughout the years. The high of honorably and respectfully winning a duel against an equally respectful and honorable opponent. Unfortunately, that spar we had would be the last time I ever felt high again.

Because Lei wasn't in the game at launch, I had to find a new main, and despite the fact that I had never liked Jin's playstyle when I had first started Tekken, his gameplay in Tekken 8 spoke to me now that I had a deep commitment to playing fair and honorable characters. Spamming, unfair advantages, and broken mechanics didn't make me feel like I earned a win against an opponent, and despite Jin being more flashy and bombastic in this game than he was in 7, I didn't feel like I had an unfair advantage above other opponents like I felt with other characters, so I chose him to be my main, and I learned him fast now that I knew what to learn. I learned everything there was to learn about him and committed myself to playing honest, and I was ready to get into ranked.

To cut to the chase, Tekken 8 just felt wrong. It wasn't the fact that new players were relentlessly spamming, something I devoted myself not to do. It wasn't the fact that any opponent had a built in unfair mechanic to just take your turn back after an opponent rightfully earned a punish, or the fact that anybody could throw out ultimates so easily that you'd get an entire round you earned the win on robbed from you because someone panicked and pressed one button. It wasn't even the fact that movement was heavily gutted, so I couldn't practice Korean Backdash to cause my enemy to wiff when they were being too aggressive. If it were just those things, I could have adjusted and adapted, changing my playstyle up so I could match their aggressiveness and keeping pace with my own. What made Tekken 8 feel so wrong was that all of this was heavily rewarded, while my honest playstyle was not. Spamming strings and moves you didn't understand the frame data for was now the new meta, and being honest was not a thing anymore. Anybody could just press any buttons instead of trying to be strategic and outsmart your opponent. Combos were a waste of time and barely did enough damage to matter. There wasn't respect in anybody's gameplay anymore. I never saw someone Korean Backdash and punish my wiff with a perfectly timed launcher, because that wasn't a thing anymore. I never saw someone notice that they used the same string twice in a row and backed off to clear their mind and not spam. Hell, I didn't even see anybody try to do flashy combos that required work. All that mattered was spamming and getting off a Heat Smash, and if the enemy gets you near death, spam Rage Art. Nobody needed to learn their character like it was back in Tekken 7. Nobody was trying to achieve victory, they just wanted to watch the opponent lose. 

And believe me, I defended the game when it first came out. However, as time wore on, I realized I never got that high that I got from Tekken 7. I never felt like I beat the opponent because I read their next move and beat them with my knowledge, I only ever beat them because they had no idea what I was doing. Tekken 8 lost so much of its identity, and I tried to voice my concern to the community, but I was met with dismissive comment from people brand new to the series who had jumped on the bandwagon and wanted to act like they knew what Tekken was like before. Criticism that could have helped the game got drowned out, and eventually I dropped Tekken 8, followed by my friend who couldn't stand what the game had become following close behind me. 

As a community, we feel dejected. Tekken is too easy now. They made every character beginner friendly but took out all of the hardest things in Tekken that you could learn. Player expression was gutted, as you probably have heard many people say, but its true. I've never seen someone in Tekken 8 do something that left me in awe and made me want to jump in and practice it, because its not difficult. Anybody who practices the game could do what any pro can currently do, and there's nothing skill-wise that can separate us. And unfortunately, our criticism and pleads didn't just get drowned out, but they got actively ignored by the developers. The devs only wanted to listen to the people who would sing Tekken 8's praise, and in response to everybody begging them to fix the game, they turned around and finished the job, thoroughly destroying the game with this second season. I'll admit, I haven't played the second season, so don't think I'm claiming something I'm not, but it doesn't require you to play it for you to know how bad their decisions were. They nerfed the already gutted movement system and doubled down on aggressive gameplay, to the point where you can't even sidestep mids. Oki is practically nonexistent. Defense is practically nonexistent. Its barely even a fighting game anymore. Its just a rushdown simulator, seeing who can press buttons faster than the other before their healthbars disappear. And the devs hear the outcries of their fanbase and would rather tell them to stop complaining, while thanking the few contrarians who defend the game who get proven to not even play it. 

Let's face it, if the devs don't want to hear from us, then they don't want us here. Fine by me. I treated Tekken like a party game in the beginning, but grew to respect it when I saw how much time and focus I could put into it to improve my gameplay. Now, all people do is treat Tekken like a party game, and they don't ever grow out of that mindset because they're rewarded for doing so. So maybe Tekken is a party game now. This isn't the game I dedicated over a year to improving myself on. That game was left behind, just like we have been now. Tekken is dead."
Moveset_Balance_Issue,PRE,Recommended,190886897,0,moves|remove|forced|damage,"[h1] TEKKEN 8 [/h1]
This review is from someone that never played FG games except at his friends house.

i never played a tekken game in my entire life but this one got something in me, it started from watching a friend playing it on discord and i found it weirdly interesting and after i saw it was in discount and even had super easy achievements to do i said why not? it would cost me nothing to try this game, 2 month later i'm here watching long guides and high level matches and writing down the moves to study them. i don't know there is something about the characters the ambient the music that got me and probably the fact that in this moment i'm fedup about fps games and team based general games so annoyed of ♥♥♥♥♥♥♥ team mates meanwhile here it's always 1v1 i cannot blame anyone else except me 
(unless someone is lagging but we will get back here in a sec)
as much i like tekken 8 this game has some issues (most of them should be fixed in S2)
· First of all the ranked experience unless i play very late (past midnight) is very bad most people have ♥♥♥♥♥♥♥ connections no matter wifi-ethernet the average ping i experience is 60-100ms and sometimes 2-3rollback frames not even in csgo i saw so many horrible connections and this ruins the experience.
· Second Game performance is weird sometimes without any reason drops fps and the fact that there is no shaders compilation makes the first 1-2min very laggy... and let's not forget about the engine crash during loading screens (UE-Polaris) we need a performance improvement and for the love of god remove the forced upscaler why i can't play native? i heard that TSR is the best but still
There is not much to say like i said before in S2 most things should be fixed like insane high chip damage ecc...
for the moment i'll keep playing and learning this year i want to reach TK"
Moveset_Balance_Issue,PRE,Not Recommended,191027261,0,move|moves|aggressive|damage|forces|oppressive|50/50s,"To preface: I am a complete newcomer to fighting games, all of my thoughts here are from the perspective of someone who has no frame of reference from previous Tekken games. The most I did before buying this game was watch some Youtube guides to understand the game's basic mechanics and if it looked like something I'd like to play.

Choosing between a positive or negative review was a difficult choice, I greatly enjoyed the core gameplay but there were many annoying things in the game that compounded into me ultimately going with a negative review. At one point I even uninstalled the game, only to reinstall it later just to get another fix (Which was excruciating since it's a 100+ GB game). Here are my thoughts on the game's various pieces in no particular order.

The Story - The story mode was the first thing I did in the game, and I was not very impressed. I watched all of the cutscenes summarizing previous games, but even with that the writing was simply abysmal. Extremely generic anime writing with very little depth to any of the characters. The whole thing took me maybe 4-5 hours to complete, so I'm sure a fighting game veteran would likely blitz through the whole thing. Annoyingly, the story mode did not offer much in the way of a tutorial, so most of my learning was pausing at the start of a fight and scrolling through the move lists. The character episodes were even less, you got a brief introductory cutscene, a few fights, than an end cutscene, without adding much more depth to the characters.

Arcade Quest - To be perfectly honest, arcade quest might as well have been the real story mode. It was better in basically every way. A more in-depth tutorial that focuses on whatever character you're playing, a sense of progression as you travel to different arcades fighting stronger and stronger bots (even if they're absolute garbage once you start learning your fundamentals). The writing is still generic as hell of course, but it was fun.

Tekken Ball - Tried it once, didn't care for it... that's all.

Fight Lounge - Seems like an interesting way to introduce a more social aspect to the game. You can chat with people, play against them over and over, and even practice with other players which is really cool. The main downside though is that playing against people is clunky, you have to go to a set of machines, go through a loading screen into a queue, to then ""match"" against the person. It's very awkward, slow, and unintuitive.

Customization - The customization is alright. I like the ability to freely change parts of an item/clothing to any color you want, and it's a feature I wish more character creators would adopt. The amount of items you can equip is a bit underwhelming, options for facial features like hairstyles and eye colors are especially limited, and the inability to add or tweak things on full body outfits feels rather restrictive. Still, it gives enough creative freedom to pull off some really good looking and/or goofy outfits, as well as cosplays.

Monetization - This is a $70 game. If it just had cosmetic microtransactions, I'd find it distasteful but ultimately not care too much since it would be just that, cosmetic. Unfortunately, this is not the case for Tekken 8. You have a battlepass, and paid characters and stages. Making people pay for decades-old characters in a $70 game is criminal, and I hate that ♥♥♥♥ like this is normalized in the gaming industry as a whole. Hell, the worst part for me is that you can't even choose the characters in practice mode if you don't own them, so you can't even lab them unless you have somebody willing to practice online with you.

Practice/Replays - The practice mode is phenomenal. The sheer amount of options and settings you can adjust allows you to practice any scenario, positioning, combo, punish, etc. Additionally, the ability to view replays, as well as take control while watching them is a fantastic. A very well thought-out mode.

Quickplay/Ranked - Okay, time for the real meat of the game. Starting out, I got my ass handed to me, as was expected. I slowly worked my way up to Garyu over the course of a few months as I learned a character or two, slowly working on my fundamentals and figuring out how to stop getting hit by stupid ♥♥♥♥. (Disclaimer: I still get hit by stupid ♥♥♥♥, and I cannot break throws, such is life.)

The learning process was extremely fun, getting a feel for the game's movement and applying more moves and combos into real matches was a blast. The ability to infinitely rematch in quickplay was a much needed addition, as it allowed me and a complete stranger to keep beating the ♥♥♥♥ out of each other while learning our characters' matchup, this was peak enjoyment of the game for me. Unfortunately, reaching the Garyu/Shinryu threshold is where issues with the game became more prevalent.

I understand that much of the game's population is within orange and red ranks, but the skill disparity just doesn't make sense. Sometimes I would get matched up against what felt like green ranks who didn't understand frames and just button mash as you obliterate them. Other times, I would get matched up against what felt like blue ranks who promptly beat my ass. They ducked every high and grab, blocked or parried every low, performed insane wall-carry combos, etc. I'm not sure if smurfing is that prevalent or red ranks are just THAT wide in the range of skill, but matches like these became so common that it just wasn't fun.

Additionally, reaching Garyu is where the game's aggressive nature became much more prevalent. I met more people that would just absolutely rush me down with characters like Nina, Heihachi, and Reina with constant plus on block strings and 50/50s. Now let me say, I understand that these are mostly knowledge checks. I understand that each of these characters have gaps where you can sidestep, jab, crouch, etc to get out of the rush. What I'm saying is that situations like these are where most of the fun vanished. I play games in my free time after work and weekends, I like Tekken 8, but I want to play other games too. For a single character to have the ability to completely shut you down unless you decide to go and lab them for extended periods of time feels ridiculous. It feels like red ranks are a wall that halts all of your momentum until you decide to start extensively labbing, it was a very sudden difficulty spike and smothered out a lot of the enjoyment I was having with the game.

Now, the above wouldn't bother me nearly as much if most of these issues didn't seep into Quickplay, but they do. Huge skill disparity, some characters forcing you to adapt or die, relatively common lagswitching and plugging. It all just feels like a coin toss as to whether or not I'm going to actually enjoy a match. (Also, WHY are people with 20%+ disconnection rates allowed to play the game without any penalties, and WHY don't you at least get a win on record whenever somebody DCs?)

Heat & Rage - I believe my problems with the aggressive gameplay are exacerbated by heat smashes and rage arts. The damage boost from rage as a comeback mechanic seems fine, what I HATE is rage arts. A fast, hyperarmor, high damage move that ignores all hits and throws and forces you to watch a cutscene is not fun. I've lost track of the amount of times where I get someone down to low health, and then the entire match turns into a spacing game of who's going to press the ""win button"" first. I don't like heat at all, the core gameplay already feels robust, but adding heat smashes and oppressive chip damage just takes away from the game.

As of this review I've uninstalled, I REALLY wanted to like this game, but the constant back-and-forth of enjoyment and annoyance has finally worn me down. Might play more, might not, but without a serious overhaul of the game's aggressive nature, I don't see myself playing much more of this game."
Moveset_Balance_Issue,POST,Recommended,192481852,0,frame data|moves|damage|50/50|plus frames,"Tekken 8 is a flawed fighting game that leans into the modern formula with all of its weight. There is an abundance of offensive tools. Lots of plus frames, high damage combos, 50/50 mix-up situations and the core system mechanics heavily favour this play-style. Unfortunately not every player can fit into that play-style and it has become, in its most recent update, a slot machine but the result always yields 777 on the damage counter. With a few honest tweaks this game can achieve the greatness it strives to reach.

What Tekken 8 Does Well:
+Comprehensive and interactive tutorial in the form of Arcade Quest. You will create an avatar (which you will also use in the games online modes) to engage in a short story mode (approx. 3 hours in length) where you simulate going to local tournaments and as the story progresses you will learn the different layers to Tekken 8.

+Fully in-depth Training Mode. Complete with everything you'd expect from a fighting game with some modern era tweaks, such as Punishment Training. Frame data, combo trials, replay takeover, reset states, wake-ups, stage interactions. It's all there. You'd be hard pressed to find something this games training mode genuinely lacks. Tekken 8 gives you the tools and labbing has never been more fun for me personally.

+Ghost Mode. Another modern addition that enhances player experience. I personally used this in tandem with training mode almost exclusively for 9 months before regularly fighting my friends or playing opponents online. It takes the stress of learning out of the equation while not holding your hand (too tightly mind you) as a CPU would.

+Customisation is back and while its a step down from other games before it namely Tekken 7 and Soulcalibur 6, it does have pretty fun options. You can make almost anything and most customs encountered online are also in good taste. I have literally seen thousands of customs in this game. It definitely allows creative minds to flourish. But there is 100% room for improvement.

+Roster and DLC are quite good. I don't have too much to say about this one. I fortunately have all of my mains already available, though my main Lidia should have been on the launch roster. Coming from Soulcalibur I never cared about Bamco showing all of the DLC at once, because they have never done it like that. Modern sensibilities and economics dictate that more players want to know who exactly they are getting in each season so I understand players now wanting a shift from how Bamco does reveals. I think their current model of at least telling us if the character is returning, new, or guest is a fair middle ground. Bamco also said they would revisit this strategy pending more and more people asking for open reveals. Very fair.

+Music, the game launched with a very catchy OST of its own but also with a complete jukebox of music from the previous games. I especially like that if they use music from an older game like they did with the reveal of Anna Williams, I can just go and find that. I do mostly play with music off though, to help my concentration. Can't say too much here, but I think music is the least of anyones worries.

+Lots of player expression with titles, artwork, frames, banners, etc.
+Lots of single player content.

Things Tekken 8 can work on:
-Netcode can be shaky especially if one player is wired and one is playing on wifi. In fact, about 4 months after the games launch it has rejected all LAN cables I have tried to use. I'm not an elitist tho and will play with pretty much anyone. Netcode is usually part of the games skeleton and any changes to this framework is difficult to improve without disrupting the user experience. I get it. It's serviceable and way better than pre-covid titles. But it does leave more to be desired when you look at the rollback of other modern fighting games.

-The games core mechanic ""HEAT"" can feel overbearing in the sense that there is not much counterplay to it. You take increased damage off of Heat specific attacks, if you block an attack during Heat you will take chip damage, Heat dashes will leave you at disadvantage and will put you in a guess for game situation in many scenarios, Heat Smashes are ""Level 1 type Supers"" that will deal respectable damage if they connect, if they are blocked they will deal a decent amount of chip and will leave the defender at disadvantage and in yet another guess for game scenario. There just aren't enough defensive options. Game can feel like Street Fighter: Oops All Cammy's Edition sometimes. Heat in general I do not mind but it can use tweaks.

-Way too many moves give you plus frames. This makes it so that the game just plays like ""Whoever Hits First WINS"". There is not much room for neutral based gameplay because you will likely win neutral after your first interaction and won't relinquish it until you yourself make a mistake in your own gameplan. It can be very boring. And while I don't think combos are ""too long"" per se, I can understand the sentiment where the round ended quickly based off of two interactions ""in neutral"".

Overall I would rate Tekken 8 an 9/10. I thoroughly enjoy the game and I would recommend it to anyone who enjoys fighting games. But I do want to make known that the game has its issues. Those issues aren't insurmountable and I do think the dev team will ultimately make the changes the game needs. I say this as a person who plays nearly everyday, with anyone, at any level and even in my local scene. Not as an emotional bot who is vocalising what a doomtuber or twitterhead told them to think. At the end of the day I do believe EVERYONE wants Tekken to succeed. I write this review mostly to catalog my own thoughts and encourage others to try the game and make their own judgements."
Moveset_Balance_Issue,POST,Not Recommended,191933786,0,frame data|move|moves|spam|spamming|broken|aggressive|damage|nerfed,"I remember when my friend first got me into Tekken 7. It was hard, very hard, and it was the first fighting game I had ever jumped into. We played it like a party game for months, practicing combos sometimes, and never really taking it seriously. I remember that day like it was yesterday as well, when I was at work and I was thinking about Lei Wulong, and I texted my friend that I wanted to commit to learning him. Fully learning him, down to the last string. And that was the day I created the Lei Bible for myself.

It took the better part of a year, but it was fun. I genuinely took months to learn everything about Lei, from his frame data to every move in every one of his stances. From his punishers to every one of his wall combos. I learned everything there was to learn about Lei, and I wrote them all by hand in a notebook of mine just so I could memorize and know Lei down to his core. With my friend's help and guidance, I learned and had Lei Wulong down to memory, and I dragged myself to Tekken God Prime with a character that the Tekken community thought was too complicated to play. It was gratifying, genuinely. I played honorably, ignoring dissent from some pros like TheMainManSwe who said that all you needed to do was spam Hellsweep and Razor Rush to climb rank. I wanted to earn a high rank off of my own skill and hard work, and before Tekken 8 came out, I beat that same friend who helped me become as great as I was, a Tekken God Omega Kazuya, in a first to 10 sparring tournament we held against each other. That was the first time I had ever beaten him in that game, and I was sure that as we both transitioned over to Tekken 8, the high I had felt that day would be felt many more times throughout the years. The high of honorably and respectfully winning a duel against an equally respectful and honorable opponent. Unfortunately, that spar we had would be the last time I ever felt high again.

Because Lei wasn't in the game at launch, I had to find a new main, and despite the fact that I had never liked Jin's playstyle when I had first started Tekken, his gameplay in Tekken 8 spoke to me now that I had a deep commitment to playing fair and honorable characters. Spamming, unfair advantages, and broken mechanics didn't make me feel like I earned a win against an opponent, and despite Jin being more flashy and bombastic in this game than he was in 7, I didn't feel like I had an unfair advantage above other opponents like I felt with other characters, so I chose him to be my main, and I learned him fast now that I knew what to learn. I learned everything there was to learn about him and committed myself to playing honest, and I was ready to get into ranked.

To cut to the chase, Tekken 8 just felt wrong. It wasn't the fact that new players were relentlessly spamming, something I devoted myself not to do. It wasn't the fact that any opponent had a built in unfair mechanic to just take your turn back after an opponent rightfully earned a punish, or the fact that anybody could throw out ultimates so easily that you'd get an entire round you earned the win on robbed from you because someone panicked and pressed one button. It wasn't even the fact that movement was heavily gutted, so I couldn't practice Korean Backdash to cause my enemy to wiff when they were being too aggressive. If it were just those things, I could have adjusted and adapted, changing my playstyle up so I could match their aggressiveness and keeping pace with my own. What made Tekken 8 feel so wrong was that all of this was heavily rewarded, while my honest playstyle was not. Spamming strings and moves you didn't understand the frame data for was now the new meta, and being honest was not a thing anymore. Anybody could just press any buttons instead of trying to be strategic and outsmart your opponent. Combos were a waste of time and barely did enough damage to matter. There wasn't respect in anybody's gameplay anymore. I never saw someone Korean Backdash and punish my wiff with a perfectly timed launcher, because that wasn't a thing anymore. I never saw someone notice that they used the same string twice in a row and backed off to clear their mind and not spam. Hell, I didn't even see anybody try to do flashy combos that required work. All that mattered was spamming and getting off a Heat Smash, and if the enemy gets you near death, spam Rage Art. Nobody needed to learn their character like it was back in Tekken 7. Nobody was trying to achieve victory, they just wanted to watch the opponent lose. 

And believe me, I defended the game when it first came out. However, as time wore on, I realized I never got that high that I got from Tekken 7. I never felt like I beat the opponent because I read their next move and beat them with my knowledge, I only ever beat them because they had no idea what I was doing. Tekken 8 lost so much of its identity, and I tried to voice my concern to the community, but I was met with dismissive comment from people brand new to the series who had jumped on the bandwagon and wanted to act like they knew what Tekken was like before. Criticism that could have helped the game got drowned out, and eventually I dropped Tekken 8, followed by my friend who couldn't stand what the game had become following close behind me. 

As a community, we feel dejected. Tekken is too easy now. They made every character beginner friendly but took out all of the hardest things in Tekken that you could learn. Player expression was gutted, as you probably have heard many people say, but its true. I've never seen someone in Tekken 8 do something that left me in awe and made me want to jump in and practice it, because its not difficult. Anybody who practices the game could do what any pro can currently do, and there's nothing skill-wise that can separate us. And unfortunately, our criticism and pleads didn't just get drowned out, but they got actively ignored by the developers. The devs only wanted to listen to the people who would sing Tekken 8's praise, and in response to everybody begging them to fix the game, they turned around and finished the job, thoroughly destroying the game with this second season. I'll admit, I haven't played the second season, so don't think I'm claiming something I'm not, but it doesn't require you to play it for you to know how bad their decisions were. They nerfed the already gutted movement system and doubled down on aggressive gameplay, to the point where you can't even sidestep mids. Oki is practically nonexistent. Defense is practically nonexistent. Its barely even a fighting game anymore. Its just a rushdown simulator, seeing who can press buttons faster than the other before their healthbars disappear. And the devs hear the outcries of their fanbase and would rather tell them to stop complaining, while thanking the few contrarians who defend the game who get proven to not even play it. 

Let's face it, if the devs don't want to hear from us, then they don't want us here. Fine by me. I treated Tekken like a party game in the beginning, but grew to respect it when I saw how much time and focus I could put into it to improve my gameplay. Now, all people do is treat Tekken like a party game, and they don't ever grow out of that mindset because they're rewarded for doing so. So maybe Tekken is a party game now. This isn't the game I dedicated over a year to improving myself on. That game was left behind, just like we have been now. Tekken is dead."
Dev_Direction_Trust,PRE,Recommended,191298786,0,devs|listening|community,"I've been grinding this game for a year now and  hit the maximum rank in ranked mode. The game's characters are a bit unbalanced though, with some of them having overpowered moves. The HEAT mode reviews are kinda biased.
On the bright side, the devs have been listening to the community and dropping regular updates. 
The graphics on the PC version have gotten way better over time,much smoother and less stutters. Overall, this game is on the aggressive side .Its a solid 4/5 .

Season 2 is giving us mixed vibes, but let's hold off judgement until it's finally released."
Dev_Direction_Trust,PRE,Not Recommended,190660502,0,harada|community|care,"TLDR - Stay far away from this game. If you are playing offline are with other friends casually then get it on a discount. 

First the online, the community as with any fighting game is dog water. People complaining about characters like Victor when Yoshimitsu, Clive and Devil Jin exist. I'm not fans those characters myself but I'm not personally attacking people for playing those characters or trying to completely discredit the skill they have just because ""Victor main"". Then there are the people complaining the game is ""Too Easy"" which is nothing more than the usual fighting game elitism at work. There is this big emphasis in this games community and in fighting games in general where these old guard players think the only way to get better is to practice and play, no tutorials that help with punishing, no beginner friendly characters, and certainly no special style. Using any of those will open you up to brutal berating that is demoralizing, I seen friends do it for one or all of those things and when you bring these up you get people saying that those things down happen or ""It's a rite of Passage when you play fighting games""

Next is the graphics, there is no reason this game should be this hard to run. I have a 12th gen I7-12700K and 3070, well above the listed recommended requirements and dip down below 60fps regularly, at 1080 mind you for a game the in my opinion looks only slightly better than Tekken 7

Then there is the rage quiting or plugging. There is absolutely NO reason why it took as long as it did to roll out a deterrent in the form of bans from online if done too many times and even then people just made new accounts and plugged some more. 

Last is the DLC, I don't care Harada if back in the day people were fine waiting for you all to announce characters one at a time, if you only offer a season pass I'm not buying a pass for anything where I don't know what I'm buying or what's coming and why would I bother when you all can decide you don't want to include a new map, making us buy is separately if we want it when it should have been included in the pass or edition."
Dev_Direction_Trust,POST,Recommended,191889049,0,harada|devs|ignored|vision,"[h1] Welcome to the new installment of the king of [strike] Iron fist [/strike] spammer tournament! [/h1]

[b] Do you enjoy balanced fighting games? [/b] Do you like different and cool characters with unique movesets with strengths and weaknesses? Do you like deep and expansive defensive options with parries, crouches and side stepping in a 3D environment? 

[i] In that case, let's hope that the upcoming Virtua fighter is good :) [/i]


[b] Now, for the full walkthrough and review of Casino 8. [/b] In this new exciting installment of the legendary Tekken franchise, you have a whopping 3 different characters to choose from, either a character with spammable moves with a heat smash and stances that forces 50/50 mixups, or a bear-panda with an unavoidable butt-slam and Kazuya. He is still spammable, but no stances (yet).

[b] Enjoy this legacy fighting game franchise, where the 30 years of character mastery means nothing, [/b] as difficult and unique characters with high execution like Jin, Bryan, Hwoarang and Law turn into brain dead spambots. Play around the new and exciting ""installs"" that are either irrelevant or define your character. And if your character does not have one yet, it's sure to be added soon! (with some more stance transitions!).

[b] Enjoy fun matches, where you die [/b] from chip-damage when blocking, die for breaking a throw (yes, a successful throwbreak damages you), die for ducking a mid-high string because of the mid launching mix up, die from side stepping because you went the wrong way and got launched, and die when you jab, because you beforehand got hit by a homing, mid, plus on block move (with chip damage) and the opponent launched you before your jab even went off.

[b] But not only can you enjoy these fun and varied matches, [/b] you also have customization. In this full price live-service game, you not only pay for the base game, but for separate characters, stages, customization items, battlepasses, avatar items, titles and one-time usable effects. You also get the privilege to pay for you characters legacy outfits, pay to get all of your Tekken 7 customization items back, and then cry because you spent 100 dollars and your character is still less impressive looking than in Tag 2. (Remember TTT2 bangs or decals?)

[b] So after you brought your expensive ugly character into ranked and demoted back to cavalry, [/b] it's time for the single player modes. After you ignored Tekken ball, play the traditional Arcade mode! Once. Then get bored as it's more lacking than Tekken 7s Treasure battle mode. Then move on to the Wii-mode and create your Mii and playthrough a story more exciting than the main campaign. Also enjoy the fight lounge, where you desperately look for free arcade machines to play with random people, and after 30 minutes of looking and waiting you wonder where the tournament mode went.

[b] After you keep getting destroyed online it's time to practice, [/b] and since you can't find the co-op practice mode you go at it alone. Now it's time to check out combos and frames, and realize that it doesn't matter, since frames is a concept and being minus is a state of mind.

[b] Embrace the new you [/b] and henceforth play only Alisa, and enjoy ranking up till you meet the pro players, who are still desperately trying to play this game to earn a living. Then lean back, and be proud of all the blood, sweat and money spent to get you to the top. You made it. This is Murray's vision.

[b] Now all that is left is to bow at the altar of the Tekken balancing team, and pray to Harada every night for your success. This is not optional. The devs do not take kindly to non-believers... [/b]"
Dev_Direction_Trust,POST,Not Recommended,191933786,0,developers|devs|community|ignored|listen,"I remember when my friend first got me into Tekken 7. It was hard, very hard, and it was the first fighting game I had ever jumped into. We played it like a party game for months, practicing combos sometimes, and never really taking it seriously. I remember that day like it was yesterday as well, when I was at work and I was thinking about Lei Wulong, and I texted my friend that I wanted to commit to learning him. Fully learning him, down to the last string. And that was the day I created the Lei Bible for myself.

It took the better part of a year, but it was fun. I genuinely took months to learn everything about Lei, from his frame data to every move in every one of his stances. From his punishers to every one of his wall combos. I learned everything there was to learn about Lei, and I wrote them all by hand in a notebook of mine just so I could memorize and know Lei down to his core. With my friend's help and guidance, I learned and had Lei Wulong down to memory, and I dragged myself to Tekken God Prime with a character that the Tekken community thought was too complicated to play. It was gratifying, genuinely. I played honorably, ignoring dissent from some pros like TheMainManSwe who said that all you needed to do was spam Hellsweep and Razor Rush to climb rank. I wanted to earn a high rank off of my own skill and hard work, and before Tekken 8 came out, I beat that same friend who helped me become as great as I was, a Tekken God Omega Kazuya, in a first to 10 sparring tournament we held against each other. That was the first time I had ever beaten him in that game, and I was sure that as we both transitioned over to Tekken 8, the high I had felt that day would be felt many more times throughout the years. The high of honorably and respectfully winning a duel against an equally respectful and honorable opponent. Unfortunately, that spar we had would be the last time I ever felt high again.

Because Lei wasn't in the game at launch, I had to find a new main, and despite the fact that I had never liked Jin's playstyle when I had first started Tekken, his gameplay in Tekken 8 spoke to me now that I had a deep commitment to playing fair and honorable characters. Spamming, unfair advantages, and broken mechanics didn't make me feel like I earned a win against an opponent, and despite Jin being more flashy and bombastic in this game than he was in 7, I didn't feel like I had an unfair advantage above other opponents like I felt with other characters, so I chose him to be my main, and I learned him fast now that I knew what to learn. I learned everything there was to learn about him and committed myself to playing honest, and I was ready to get into ranked.

To cut to the chase, Tekken 8 just felt wrong. It wasn't the fact that new players were relentlessly spamming, something I devoted myself not to do. It wasn't the fact that any opponent had a built in unfair mechanic to just take your turn back after an opponent rightfully earned a punish, or the fact that anybody could throw out ultimates so easily that you'd get an entire round you earned the win on robbed from you because someone panicked and pressed one button. It wasn't even the fact that movement was heavily gutted, so I couldn't practice Korean Backdash to cause my enemy to wiff when they were being too aggressive. If it were just those things, I could have adjusted and adapted, changing my playstyle up so I could match their aggressiveness and keeping pace with my own. What made Tekken 8 feel so wrong was that all of this was heavily rewarded, while my honest playstyle was not. Spamming strings and moves you didn't understand the frame data for was now the new meta, and being honest was not a thing anymore. Anybody could just press any buttons instead of trying to be strategic and outsmart your opponent. Combos were a waste of time and barely did enough damage to matter. There wasn't respect in anybody's gameplay anymore. I never saw someone Korean Backdash and punish my wiff with a perfectly timed launcher, because that wasn't a thing anymore. I never saw someone notice that they used the same string twice in a row and backed off to clear their mind and not spam. Hell, I didn't even see anybody try to do flashy combos that required work. All that mattered was spamming and getting off a Heat Smash, and if the enemy gets you near death, spam Rage Art. Nobody needed to learn their character like it was back in Tekken 7. Nobody was trying to achieve victory, they just wanted to watch the opponent lose. 

And believe me, I defended the game when it first came out. However, as time wore on, I realized I never got that high that I got from Tekken 7. I never felt like I beat the opponent because I read their next move and beat them with my knowledge, I only ever beat them because they had no idea what I was doing. Tekken 8 lost so much of its identity, and I tried to voice my concern to the community, but I was met with dismissive comment from people brand new to the series who had jumped on the bandwagon and wanted to act like they knew what Tekken was like before. Criticism that could have helped the game got drowned out, and eventually I dropped Tekken 8, followed by my friend who couldn't stand what the game had become following close behind me. 

As a community, we feel dejected. Tekken is too easy now. They made every character beginner friendly but took out all of the hardest things in Tekken that you could learn. Player expression was gutted, as you probably have heard many people say, but its true. I've never seen someone in Tekken 8 do something that left me in awe and made me want to jump in and practice it, because its not difficult. Anybody who practices the game could do what any pro can currently do, and there's nothing skill-wise that can separate us. And unfortunately, our criticism and pleads didn't just get drowned out, but they got actively ignored by the developers. The devs only wanted to listen to the people who would sing Tekken 8's praise, and in response to everybody begging them to fix the game, they turned around and finished the job, thoroughly destroying the game with this second season. I'll admit, I haven't played the second season, so don't think I'm claiming something I'm not, but it doesn't require you to play it for you to know how bad their decisions were. They nerfed the already gutted movement system and doubled down on aggressive gameplay, to the point where you can't even sidestep mids. Oki is practically nonexistent. Defense is practically nonexistent. Its barely even a fighting game anymore. Its just a rushdown simulator, seeing who can press buttons faster than the other before their healthbars disappear. And the devs hear the outcries of their fanbase and would rather tell them to stop complaining, while thanking the few contrarians who defend the game who get proven to not even play it. 

Let's face it, if the devs don't want to hear from us, then they don't want us here. Fine by me. I treated Tekken like a party game in the beginning, but grew to respect it when I saw how much time and focus I could put into it to improve my gameplay. Now, all people do is treat Tekken like a party game, and they don't ever grow out of that mindset because they're rewarded for doing so. So maybe Tekken is a party game now. This isn't the game I dedicated over a year to improving myself on. That game was left behind, just like we have been now. Tekken is dead."
